{"cameraMode":{"drawMode":0,"name":"Shaded","section":"Shading Mode"},"sceneLighting":true,"audioPlay":false,"sceneViewState":{"showFog":true,"showMaterialUpdate":false,"showSkybox":true,"showFlares":true,"showImageEffects":true,"showParticleSystems":true},"in2DMode":false,"pivot":{"x":2.2086825370788576,"y":-5.772860527038574,"z":5.119667053222656},"rotation":{"x":-0.17005449533462525,"y":0.03605090081691742,"z":-0.006224643439054489,"w":-0.9847577214241028},"size":12.904677391052246,"orthographic":false}